User Name,track_name,Language,Mood Preferences,duration,Play Count,Like/Dislike,Rating,Total Play Time
user_1,Chal Ghar Chalein,Hindi,Calm/Relaxed,4:00,3,Like,5.0,41:02
user_1,Vennilave,Tamil,Calm/Relaxed,3:30,1,Like,4.0,26:59
user_1,Malare,Malayalam,Calm/Relaxed,4:15,2,Like,5.0,50:21
user_1,Watermelon Sugar,English,Calm/Relaxed,2:54,5,Like,5.0,11:08
user_1,Perfect,English,Calm/Relaxed,4:20,4,Like,4.0,18:58
user_1,All of Me,English,Calm/Relaxed,4:29,6,Like,5.0,35:23
user_1,Dil Dhadakne Do,Hindi,Calm/Relaxed,4:43,3,Like,4.0,50:39
user_1,Neeye,Malayalam,Calm/Relaxed,3:52,2,Like,5.0,26:13
user_1,Tum Mile,Hindi,Calm/Relaxed,5:13,1,Like,4.0,20:47
user_1,Shape of You,English,Calm/Relaxed,3:53,7,Like,5.0,13:14
user_1,Unchained Melody,English,Calm/Relaxed,3:37,2,Like,5.0,8:04
user_1,Enna Sona,Hindi,Calm/Relaxed,3:54,4,Like,4.0,49:09
user_1,Ennadi Maayavi Nee,Tamil,Calm/Relaxed,4:25,3,Like,5.0,41:20
user_1,Here Comes the Sun,English,Calm/Relaxed,3:06,5,Like,5.0,47:15
user_1,Tum Hi Ho,Hindi,Calm/Relaxed,4:22,4,Like,5.0,19:07
user_1,Someone Like You,English,Calm/Relaxed,4:45,3,Like,4.0,9:01
user_1,Thinking Out Loud,English,Calm/Relaxed,4:41,6,Like,5.0,40:02
user_1,Channa Mereya,Hindi,Calm/Relaxed,4:49,5,Like,5.0,22:19
user_1,Vizhiyil Tamil,Calm/Relaxed,3:32,3,Like,4,,42:46
user_1,Perfect Symphony,English,Calm/Relaxed,4:20,3,Like,4.0,38:04
user_1,Despacito,English,Happy/Energetic,3:45,6,Like,5.0,30:23
user_1,Vaathi Coming,Tamil,Happy/Energetic,3:10,7,Like,5.0,16:17
user_1,Karikku,Malayalam,Happy/Energetic,3:55,4,Like,4.0,27:25
user_1,Shape of You,English,Happy/Energetic,4:00,10,Like,5.0,47:54
user_1,Ghungroo,Hindi,Happy/Energetic,4:12,3,Like,4.0,31:43
user_1,Uptown Funk,English,Happy/Energetic,4:29,5,Like,5.0,25:44
user_1,Badtameez Dil,Hindi,Happy/Energetic,4:02,4,Like,4.0,18:13
user_1,Maari Thara Local,Tamil,Happy/Energetic,3:33,6,Like,5.0,10:42
user_1,Billie Jean,English,Happy/Energetic,4:54,8,Like,5.0,35:23
user_1,Daru Badnaam,Hindi,Happy/Energetic,3:18,5,Like,4.0,7:26
user_1,All the Way Up,English,Happy/Energetic,3:57,7,Like,5.0,33:11
user_1,Aaluma Doluma,Tamil,Happy/Energetic,3:30,6,Like,4.0,36:07
user_1,Firework,English,Happy/Energetic,3:48,5,Like,5.0,36:05
user_1,Party All Night,Hindi,Happy/Energetic,3:46,3,Like,4.0,39:47
user_1,Believer,English,Happy/Energetic,3:24,9,Like,5.0,31:07
user_1,Oo Antava,Telugu,Happy/Energetic,3:30,4,Like,4.0,31:39
user_1,Gangnam Style,Korean,Happy/Energetic,3:39,11,Like,5.0,20:01
user_1,Lovely,English,Happy/Energetic,3:22,3,Like,4.0,9:00
user_1,Rockabye,English,Happy/Energetic,4:11,5,Like,5.0,50:23
user_1,Naatu Naatu,Telugu,Happy/Energetic,3:45,6,Like,5.0,10:58
user_1,Teri Mitti,Hindi,Sad/Reflective,5:00,2,Like,5.0,23:30
user_1,Uyiril Thodum,Malayalam,Sad/Reflective,3:40,1,Dislike,2.0,30:33
user_1,Someone Like You,English,Sad/Reflective,4:45,5,Like,5.0,19:37
user_1,Ennodu Nee Irundhaal,Tamil,Sad/Reflective,4:30,3,Like,4.0,10:04
user_1,Jeene De,Hindi,Sad/Reflective,3:50,1,Like,3.0,36:23
user_1,Fix You,English,Sad/Reflective,4:55,4,Like,5.0,40:27
user_1,Aaromale,Malayalam,Sad/Reflective,5:15,2,Like,4.0,7:19
user_1,See You Again,English,Sad/Reflective,3:49,6,Like,5.0,27:05
user_1,Tum Hi Aana,Hindi,Sad/Reflective,4:30,3,Like,4.0,32:53
user_1,Mazhaye Thoomazhaye,Malayalam,Sad/Reflective,4:20,1,Dislike,3.0,44:44
user_1,Unbreak My Heart,English,Sad/Reflective,4:28,5,Like,5.0,47:11
user_1,Pachai Nirame,Tamil,Sad/Reflective,5:06,3,Like,4.0,8:01
user_1,I Will Always Love You,English,Sad/Reflective,4:32,4,Like,5.0,47:53
user_1,Tujhe Bhula Diya,Hindi,Sad/Reflective,5:12,2,Like,4.0,26:31
user_1,Azhake Azhake,Malayalam,Sad/Reflective,4:45,1,Dislike,2.0,42:10
user_1,Channa Mereya,Hindi,Sad/Reflective,4:49,5,Like,5.0,49:31
user_1,Let Her Go,English,Sad/Reflective,4:12,6,Like,5.0,33:10
user_1,Kadhal Rojave,Tamil,Sad/Reflective,5:00,2,Like,4.0,6:20
user_1,Iris,English,Sad/Reflective,4:49,3,Like,5.0,38:04
user_1,Ek Pyar Ka Nagma Hai,Hindi,Sad/Reflective,5:10,1,Like,4.0,36:07
user_1,Believer,English,Angry/Intense,3:25,8,Like,5.0,44:19
user_1,Bhaag Bhaag DK Bose,Hindi,Angry/Intense,3:40,3,Dislike,3.0,46:06
user_1,Rowdy Baby,Tamil,Angry/Intense,3:00,4,Like,4.0,35:19
user_1,Kadavule Pole,Malayalam,Angry/Intense,2:50,2,Like,3.0,22:52
user_1,Smells Like Teen Spirit,English,Angry/Intense,5:00,6,Like,5.0,18:11
user_1,In the End,English,Angry/Intense,3:36,7,Like,5.0,10:49
user_1,Zinda,Hindi,Angry/Intense,4:12,5,Like,4.0,28:34
user_1,Udd Gaye,Hindi,Angry/Intense,3:38,2,Dislike,3.0,9:33
user_1,Kutti Story,Tamil,Angry/Intense,4:11,4,Like,4.0,15:41
user_1,Burn It Down,English,Angry/Intense,3:51,6,Like,5.0,12:00
user_1,Arivaal Malayalam,Angry/Intense,2:45,3,Like,4,,5:33
user_1,Numb,English,Angry/Intense,3:07,8,Like,5.0,45:24
user_1,Dhaakad,Hindi,Angry/Intense,3:35,3,Like,4.0,25:20
user_1,Machi Open the Bottle,Tamil,Angry/Intense,3:15,4,Like,3.0,5:20
user_1,Eye of the Tiger,English,Angry/Intense,4:04,7,Like,5.0,21:56
user_1,Aathichudi,Tamil,Angry/Intense,3:10,5,Like,4.0,44:35
user_1,Back in Black,English,Angry/Intense,4:14,6,Like,5.0,5:48
user_1,Kabira (Reprise),Hindi,Angry/Intense,3:47,2,Like,3.0,38:47
user_1,Vizhiyil Tamil,Angry/Intense,3:25,3,Like,4,,35:26
user_1,We Will Rock You,English,Angry/Intense,2:02,9,Like,5.0,42:14
user_2,Raabta,Hindi,Calm/Relaxed,4:10,3,Like,5.0,40:04
user_2,Pachai Nirame,Tamil,Calm/Relaxed,5:20,2,Like,4.0,16:18
user_2,Uyire,Malayalam,Calm/Relaxed,4:05,1,Like,5.0,26:43
user_2,Let Her Go,English,Calm/Relaxed,4:30,4,Like,5.0,37:48
user_2,Photograph,English,Calm/Relaxed,4:20,5,Like,5.0,42:20
user_2,Perfect,English,Calm/Relaxed,4:40,3,Like,5.0,20:18
user_2,Tum Hi Ho,Hindi,Calm/Relaxed,4:22,2,Like,4.0,15:14
user_2,Malare,Malayalam,Calm/Relaxed,4:15,1,Like,5.0,24:42
user_2,Beautiful People,English,Calm/Relaxed,3:18,4,Like,5.0,26:58
user_2,Ennavale Adi Ennavale,Tamil,Calm/Relaxed,4:42,2,Like,4.0,5:13
user_2,Watermelon Sugar,English,Calm/Relaxed,2:55,3,Like,5.0,19:24
user_2,Tum Mile,Hindi,Calm/Relaxed,5:10,2,Like,4.0,44:08
user_2,Njan Varumee,Malayalam,Calm/Relaxed,3:50,1,Dislike,3.0,49:09
user_2,Love Me Like You Do,English,Calm/Relaxed,4:12,5,Like,5.0,23:12
user_2,Anbil Avan,Tamil,Calm/Relaxed,3:35,3,Like,4.0,26:15
user_2,Thinking Out Loud,English,Calm/Relaxed,4:41,4,Like,5.0,37:34
user_2,Tera Ban Jaunga,Hindi,Calm/Relaxed,3:56,2,Like,4.0,18:56
user_2,Safar,Hindi,Calm/Relaxed,3:45,1,Like,4.0,31:33
user_2,Mizhi Mizhi Malayalam,Calm/Relaxed,4:20,1,Dislike,3,,10:25
user_2,Can’t Help Falling in Love,English,Calm/Relaxed,3:10,5,Like,5.0,32:11
user_2,Kala Chashma,Hindi,Happy/Energetic,3:15,7,Like,5.0,30:13
user_2,Jimikki Kammal,Malayalam,Happy/Energetic,3:20,6,Like,4.0,14:12
user_2,Enjoy Enjaami,Tamil,Happy/Energetic,4:10,4,Like,5.0,12:10
user_2,Blinding Lights,English,Happy/Energetic,3:25,8,Like,5.0,50:40
user_2,Balam Pichkari,Hindi,Happy/Energetic,4:00,5,Like,5.0,39:23
user_2,Shape of You,English,Happy/Energetic,4:24,7,Like,5.0,8:10
user_2,Vaathi Coming,Tamil,Happy/Energetic,3:10,5,Like,5.0,28:00
user_2,Senorita,English,Happy/Energetic,3:29,6,Like,4.0,27:52
user_2,Tum Tak,Hindi,Happy/Energetic,3:30,4,Like,4.0,44:13
user_2,Karikku,Malayalam,Happy/Energetic,3:55,3,Like,4.0,15:23
user_2,Cheap Thrills,English,Happy/Energetic,3:44,7,Like,5.0,41:11
user_2,Daru Desi,Hindi,Happy/Energetic,3:53,4,Like,5.0,14:35
user_2,Vizhiyil Tamil,Happy/Energetic,3:40,3,Like,4,,5:51
user_2,Sugar,English,Happy/Energetic,3:55,6,Like,5.0,48:17
user_2,Ghungroo,Hindi,Happy/Energetic,4:12,5,Like,4.0,40:52
user_2,Rowdy Baby,Tamil,Happy/Energetic,3:00,5,Like,4.0,39:35
user_2,Uff Teri Ada,Hindi,Happy/Energetic,4:05,3,Like,4.0,47:42
user_2,Udd Gaye,Hindi,Happy/Energetic,3:38,2,Dislike,3.0,28:01
user_2,Stitches,English,Happy/Energetic,3:26,6,Like,5.0,36:55
user_2,Aathichudi,Tamil,Happy/Energetic,3:10,4,Like,4.0,13:44
user_2,Tum Hi Ho,Hindi,Sad/Reflective,4:22,4,Like,5.0,32:35
user_2,Nee Paartha Vizhigal,Tamil,Sad/Reflective,5:10,3,Like,4.0,14:09
user_2,Someone You Loved,English,Sad/Reflective,3:50,6,Like,5.0,15:58
user_2,Kannodu Kanbathellam,Tamil,Sad/Reflective,4:05,2,Like,3.0,35:28
user_2,Parayuvaan,Malayalam,Sad/Reflective,4:30,1,Like,4.0,25:22
user_2,Fix You,English,Sad/Reflective,4:55,5,Like,5.0,38:09
user_2,Enna Solla Pogirai,Tamil,Sad/Reflective,4:30,3,Like,4.0,10:01
user_2,Aaromale,Malayalam,Sad/Reflective,6:20,2,Like,5.0,49:17
user_2,In the End,English,Sad/Reflective,3:37,6,Like,5.0,50:47
user_2,Channa Mereya,Hindi,Sad/Reflective,4:48,4,Like,5.0,8:16
user_2,I Will Always Love You,English,Sad/Reflective,4:31,3,Like,5.0,43:46
user_2,Nenjukkul Peidhidum,Tamil,Sad/Reflective,4:45,2,Like,4.0,25:07
user_2,Someone Like You,English,Sad/Reflective,4:45,4,Like,5.0,9:39
user_2,Yen Uyire,Tamil,Sad/Reflective,5:12,2,Dislike,3.0,6:24
user_2,Mann Bharrya,Hindi,Sad/Reflective,3:50,1,Like,4.0,11:18
user_2,Say You Won’t Let Go,English,Sad/Reflective,3:31,4,Like,5.0,7:06
user_2,Tum Mile,Hindi,Sad/Reflective,4:58,3,Like,4.0,43:59
user_2,Kaathalae Kaathalae,Tamil,Sad/Reflective,5:20,2,Like,4.0,38:46
user_2,Against All Odds,English,Sad/Reflective,3:26,5,Like,5.0,44:50
user_2,Raabta (Kehte Hain Khuda),Hindi,Sad/Reflective,3:45,4,Like,5.0,50:59
user_2,Radioactive,English,Angry/Intense,3:25,7,Like,5.0,27:22
user_2,Maan Karate,Tamil,Angry/Intense,3:50,3,Dislike,2.0,13:23
user_2,Why This Kolaveri Di,Tamil,Angry/Intense,3:20,5,Like,4.0,16:13
user_2,Vellipottu,Malayalam,Angry/Intense,3:30,2,Like,3.0,46:15
user_2,Lose Yourself,English,Angry/Intense,4:10,6,Like,5.0,41:02
user_2,Smells Like Teen Spirit,English,Angry/Intense,5:01,6,Like,5.0,9:48
user_2,Bhaag DK Bose,Hindi,Angry/Intense,3:50,3,Dislike,3.0,32:52
user_2,In the End,English,Angry/Intense,3:37,7,Like,5.0,43:45
user_2,Kadavule Pole,Malayalam,Angry/Intense,2:50,3,Like,4.0,41:30
user_2,Rowdy Baby,Tamil,Angry/Intense,3:00,4,Like,4.0,43:12
user_2,The Way I Am,English,Angry/Intense,4:07,5,Like,4.0,40:52
user_2,Chaiyya Chaiyya,Hindi,Angry/Intense,4:45,5,Like,5.0,11:43
user_2,Bring Me to Life,English,Angry/Intense,3:57,6,Like,5.0,26:36
user_2,Headstrong,English,Angry/Intense,4:45,4,Like,4.0,30:46
user_2,Kabira,Hindi,Angry/Intense,4:10,3,Like,3.0,45:00
user_2,Thunder,English,Angry/Intense,3:07,5,Like,5.0,26:08
user_2,Gangnam Style,English,Angry/Intense,3:39,6,Like,4.0,36:37
user_2,Aathichudi,Tamil,Angry/Intense,3:10,3,Like,4.0,32:04
user_2,Manali Trance,Hindi,Angry/Intense,3:21,4,Like,4.0,33:23
user_2,Numb,English,Angry/Intense,3:06,6,Like,5.0,46:16
user_3,Khairiyat,Hindi,Calm/Relaxed,4:20,2,Like,5.0,21:03
user_3,Ennavale Adi Ennavale,Tamil,Calm/Relaxed,5:00,1,Like,4.0,48:19
user_3,Aaro Nenjil,Malayalam,Calm/Relaxed,3:45,3,Like,5.0,10:04
user_3,Stay,English,Calm/Relaxed,3:50,4,Like,5.0,34:17
user_3,All of Me,English,Calm/Relaxed,4:32,5,Like,5.0,17:14
user_3,Kabhi Kabhi Aditi,Hindi,Calm/Relaxed,3:40,2,Like,4.0,25:29
user_3,Nenjukkul Peidhidum,Tamil,Calm/Relaxed,4:45,3,Like,5.0,40:25
user_3,Uyire,Malayalam,Calm/Relaxed,4:30,1,Like,4.0,50:31
user_3,Perfect,English,Calm/Relaxed,4:20,4,Like,5.0,8:12
user_3,Tum Mile,Hindi,Calm/Relaxed,4:58,3,Like,5.0,14:21
user_3,The Scientist,English,Calm/Relaxed,5:09,4,Like,5.0,45:08
user_3,Munbe Vaa,Tamil,Calm/Relaxed,5:20,2,Like,5.0,47:43
user_3,Aararo,Malayalam,Calm/Relaxed,4:50,1,Like,4.0,28:30
user_3,Let Her Go,English,Calm/Relaxed,4:26,5,Like,5.0,19:50
user_3,Tera Ban Jaunga,Hindi,Calm/Relaxed,3:56,3,Like,4.0,9:14
user_3,You Are the Reason,English,Calm/Relaxed,3:23,4,Like,5.0,5:18
user_3,Kaathalae Kaathalae,Tamil,Calm/Relaxed,5:17,2,Like,5.0,48:52
user_3,Parayuvaan,Malayalam,Calm/Relaxed,4:30,1,Like,5.0,19:07
user_3,Photograph,English,Calm/Relaxed,4:19,4,Like,5.0,39:48
user_3,Raabta,Hindi,Calm/Relaxed,4:18,3,Like,5.0,50:34
user_3,Lungi Dance,Hindi,Happy/Energetic,3:35,6,Like,5.0,39:55
user_3,Saranga Dariya,Tamil,Happy/Energetic,3:55,7,Like,5.0,5:35
user_3,Entammede Jimikki Kammal,Malayalam,Happy/Energetic,3:20,5,Like,4.0,21:57
user_3,Sorry,English,Happy/Energetic,3:25,9,Like,5.0,35:46
user_3,Apna Time Aayega,Hindi,Happy/Energetic,3:15,4,Like,5.0,13:09
user_3,Dilbaro,Hindi,Happy/Energetic,4:14,3,Like,5.0,43:52
user_3,Cheeky Song,Tamil,Happy/Energetic,3:50,6,Like,5.0,12:37
user_3,Blinding Lights,English,Happy/Energetic,3:20,8,Like,5.0,29:00
user_3,Shut Up and Dance,English,Happy/Energetic,3:16,10,Like,5.0,8:34
user_3,Khali Bali,Hindi,Happy/Energetic,3:40,2,Like,4.0,6:22
user_3,Saami Saami,Tamil,Happy/Energetic,3:12,5,Like,5.0,47:52
user_3,Can't Stop the Feeling,English,Happy/Energetic,3:56,4,Like,5.0,35:59
user_3,Ik Vaari Aa,Tamil,Happy/Energetic,3:38,3,Like,4.0,26:10
user_3,Malayali,Malayalam,Happy/Energetic,3:55,2,Like,5.0,26:36
user_3,Suno Ghar,English,Happy/Energetic,4:30,4,Like,5.0,14:20
user_3,Jai Ho,Hindi,Happy/Energetic,4:12,5,Like,5.0,6:09
user_3,Bom Diggy Diggy,English,Happy/Energetic,3:45,3,Like,4.0,26:54
user_3,Galla Goodiyaan,Hindi,Happy/Energetic,4:00,2,Like,5.0,35:52
user_3,Mundian To Bach Ke,English,Happy/Energetic,3:30,6,Like,5.0,34:23
user_3,Navrai Majhi,Hindi,Happy/Energetic,3:50,5,Like,5.0,38:50
user_3,Lungi Dance,Hindi,Happy/Energetic,3:35,6,Like,5.0,39:02
user_3,Saranga Dariya,Tamil,Happy/Energetic,3:55,7,Like,5.0,27:36
user_3,Entammede Jimikki Kammal,Malayalam,Happy/Energetic,3:20,5,Like,4.0,43:44
user_3,Sorry,English,Happy/Energetic,3:25,9,Like,5.0,9:27
user_3,Apna Time Aayega,Hindi,Happy/Energetic,3:15,4,Like,5.0,35:57
user_3,Dilbaro,Hindi,Happy/Energetic,4:14,3,Like,5.0,13:19
user_3,Cheeky Song,Tamil,Happy/Energetic,3:50,6,Like,5.0,34:45
user_3,Blinding Lights,English,Happy/Energetic,3:20,8,Like,5.0,5:41
user_3,Shut Up and Dance,English,Happy/Energetic,3:16,10,Like,5.0,6:30
user_3,Khali Bali,Hindi,Happy/Energetic,3:40,2,Like,4.0,45:55
user_3,Saami Saami,Tamil,Happy/Energetic,3:12,5,Like,5.0,14:31
user_3,Can't Stop the Feeling,English,Happy/Energetic,3:56,4,Like,5.0,33:58
user_3,Ik Vaari Aa,Tamil,Happy/Energetic,3:38,3,Like,4.0,39:09
user_3,Malayali,Malayalam,Happy/Energetic,3:55,2,Like,5.0,15:53
user_3,Suno Ghar,English,Happy/Energetic,4:30,4,Like,5.0,37:35
user_3,Jai Ho,Hindi,Happy/Energetic,4:12,5,Like,5.0,18:41
user_3,Bom Diggy Diggy,English,Happy/Energetic,3:45,3,Like,4.0,43:47
user_3,Galla Goodiyaan,Hindi,Happy/Energetic,4:00,2,Like,5.0,42:58
user_3,Mundian To Bach Ke,English,Happy/Energetic,3:30,6,Like,5.0,40:27
user_3,Navrai Majhi,Hindi,Happy/Energetic,3:50,5,Like,5.0,24:15
user_3,Channa Mereya,Hindi,Happy/Energetic,4:23,4,Like,5.0,44:25
user_3,Safar,Hindi,Sad/Reflective,4:05,3,Like,4.0,32:05
user_3,Kanmani Anbodu,Tamil,Sad/Reflective,5:05,1,Like,3.0,19:03
user_3,Let It Be,English,Sad/Reflective,3:50,5,Like,5.0,9:42
user_3,Oru Vaanavil,Malayalam,Sad/Reflective,4:10,2,Like,4.0,7:36
user_3,Too Good at Goodbyes,English,Sad/Reflective,4:30,6,Like,5.0,39:33
user_3,Someone Like You,English,Sad/Reflective,4:45,4,Like,5.0,28:59
user_3,Tum Hi Ho,Hindi,Sad/Reflective,4:30,2,Like,5.0,5:51
user_3,Tere Bina,Malayalam,Sad/Reflective,4:15,3,Like,4.0,35:38
user_3,The Night We Met,English,Sad/Reflective,3:28,5,Like,4.0,19:59
user_3,Hasi Ban Gaye,Hindi,Sad/Reflective,4:30,4,Like,5.0,47:10
user_3,Fix You,English,Sad/Reflective,4:54,3,Like,5.0,11:59
user_3,Pyaar Ka Punchnama,Hindi,Sad/Reflective,3:50,2,Like,5.0,38:54
user_3,Agar Tum Saath Ho,Hindi,Sad/Reflective,4:07,6,Like,5.0,38:06
user_3,Mere Rashke Qamar,Hindi,Sad/Reflective,4:20,4,Like,5.0,17:26
user_3,Nostalgia,Hindi,Sad/Reflective,3:55,3,Like,5.0,35:01
user_3,Thaarame Thaarame,Tamil,Sad/Reflective,4:25,3,Like,4.0,34:47
user_3,Lost Stars,English,Sad/Reflective,3:45,5,Like,4.0,50:00
user_3,Jeene Laga Hoon,Hindi,Sad/Reflective,4:30,2,Like,4.0,16:45
user_3,Mohabbat Barsa Dena Tu,Hindi,Sad/Reflective,4:00,4,Like,5.0,34:48
user_3,When I Was Your Man,English,Sad/Reflective,3:35,6,Like,5.0,12:07
user_3,Bring Me to Life,English,Angry/Intense,3:45,8,Like,5.0,46:10
user_3,Urvashi,Hindi,Angry/Intense,4:05,3,Like,4.0,19:51
user_3,Koottippo Koodave,Tamil,Angry/Intense,3:20,5,Dislike,2.0,33:54
user_3,Njanum Ninne Thedi,Malayalam,Angry/Intense,3:35,2,Like,3.0,29:34
user_3,Pumped Up Kicks,English,Angry/Intense,4:10,7,Like,5.0,47:55
user_3,Shut Up and Dance,English,Angry/Intense,3:20,9,Like,5.0,35:27
user_3,Aankh Marey,Hindi,Angry/Intense,3:15,6,Like,4.0,27:47
user_3,Bum Bum Bole,Tamil,Angry/Intense,3:50,4,Like,4.0,43:26
user_3,In the End,English,Angry/Intense,3:36,10,Like,5.0,16:01
user_3,Saudagar Sauda Kar,Hindi,Angry/Intense,4:02,3,Like,4.0,22:59
user_3,Chennai Express,Tamil,Angry/Intense,3:45,5,Like,5.0,45:55
user_3,Break Stuff,English,Angry/Intense,3:30,8,Like,5.0,35:02
user_3,Mundian To Bach Ke, Punjabi,Angry/Intense,3:55,7,Like,4.0,27:54
user_3,Kar Har Maidaan Fateh,Hindi,Angry/Intense,4:20,4,Like,5.0,35:54
user_3,Tum Se Hi,Hindi,Angry/Intense,4:35,2,Dislike,3.0,26:35
user_3,Malhari,Hindi,Angry/Intense,3:25,6,Like,5.0,27:50
user_3,Certainly, English, Angry/Intense, 3:50, 5, Like,4.0,13:54
user_3,The Man, English, Angry/Intense, 3:40, 6, Like,5.0,38:21
user_3,Stronger,English,Angry/Intense,3:32,4,Like,5.0,45:31
user_3,Survivor,English,Angry/Intense,3:20,8,Like,5.0,49:00
user_4,Tum Mile,Hindi,Calm/Relaxed,4:05,3,Like,5.0,18:47
user_4,Sundari Kannal,Tamil,Calm/Relaxed,4:45,2,Like,4.0,39:42
user_4,Moovanthi Thazhvaram,Malayalam,Calm/Relaxed,3:50,1,Like,5.0,22:05
user_4,Memories,English,Calm/Relaxed,3:10,5,Like,5.0,15:42
user_4,Love Me Like You Do,English,Calm/Relaxed,4:12,4,Like,4.0,19:36
user_4,Perfect,English,Calm/Relaxed,4:20,4,Like,5.0,30:48
user_4,Kannukul Poo Vukkum,Tamil,Calm/Relaxed,3:55,2,Like,4.0,16:17
user_4,Agar Tum Saath Ho,Hindi,Calm/Relaxed,4:12,3,Like,5.0,9:58
user_4,Yellow,English,Calm/Relaxed,4:10,5,Like,5.0,23:05
user_4,Raabta,Hindi,Calm/Relaxed,4:20,3,Like,4.0,36:00
user_4,Oru Poovukkum,Malayalam,Calm/Relaxed,4:00,1,Like,5.0,34:30
user_4,Best Part,English,Calm/Relaxed,4:25,4,Like,5.0,47:04
user_4,Anbe Anbe,Tamil,Calm/Relaxed,3:40,6,Like,4.0,33:13
user_4,Tum Hi Ho,Hindi,Calm/Relaxed,4:22,4,Like,5.0,19:20
user_4,Let Her Go,English,Calm/Relaxed,4:30,3,Like,5.0,11:32
user_4,Someone You Loved,English,Calm/Relaxed,3:50,6,Like,5.0,32:57
user_4,All of Me,English,Calm/Relaxed,4:32,5,Like,5.0,28:57
user_4,Kannukul Poo Vukkum,Tamil,Calm/Relaxed,3:50,4,Like,5.0,20:50
user_4,Thalli Pogathey,Tamil,Calm/Relaxed,4:10,3,Like,4.0,45:49
user_4,Garmi,Hindi,Happy/Energetic,2:55,6,Like,5.0,45:12
user_4,Aaluma Doluma,Tamil,Happy/Energetic,3:35,7,Like,5.0,12:42
user_4,Ambersariya,Hindi,Happy/Energetic,3:10,3,Like,5.0,22:26
user_4,Dynamite,English,Happy/Energetic,3:20,8,Like,5.0,29:23
user_4,Baby Shark,English,Happy/Energetic,2:10,4,Like,4.0,42:22
user_4,Happy,English,Happy/Energetic,3:33,5,Like,5.0,33:57
user_4,Can't Stop the Feeling!,English,Happy/Energetic,3:56,6,Like,5.0,37:50
user_4,Shut Up and Dance,English,Happy/Energetic,3:40,5,Like,5.0,31:29
user_4,Tum Hi Ho, Hindi,Happy/Energetic,4:22,4,Like,5.0,15:43
user_4,Badminton,English,Happy/Energetic,3:12,6,Like,5.0,10:59
user_4,Dance Monkey,English,Happy/Energetic,3:29,7,Like,5.0,12:40
user_4,Uptown Funk,English,Happy/Energetic,4:30,8,Like,5.0,49:30
user_4,Saudagar Sauda Kar, Hindi,Happy/Energetic,3:50,5,Like,5.0,15:41
user_4,Chogada,Gujarati,Happy/Energetic,3:00,6,Like,4.0,36:14
user_4,Gulaabo, Hindi,Happy/Energetic,3:40,2,Like,5.0,16:43
user_4,Cheerleader,English,Happy/Energetic,3:10,7,Like,5.0,33:23
user_4,Raabta,Hindi,Happy/Energetic,4:20,3,Like,5.0,22:26
user_4,Love Me Like You Do,English,Happy/Energetic,4:12,4,Like,4.0,25:58
user_4,Taki Taki,English,Happy/Energetic,3:30,6,Like,5.0,14:53
user_4,Mere Rashke Qamar,Hindi,Happy/Energetic,4:20,4,Like,5.0,24:30
user_4,Munbe Vaa,Tamil,Sad/Reflective,5:25,1,Like,5.0,18:58
user_4,Lost Stars,English,Sad/Reflective,3:45,5,Like,4.0,31:09
user_4,Mazhaye Mazhaye,Malayalam,Sad/Reflective,4:00,3,Like,5.0,32:20
user_4,When I Was Your Man,English,Sad/Reflective,3:35,6,Like,5.0,40:35
user_4,Channa Mereya,Hindi,Sad/Reflective,4:25,3,Like,5.0,46:28
user_4,Phir Bhi Tumko Chahunga,Hindi,Sad/Reflective,4:21,2,Like,5.0,50:18
user_4,Stay,English,Sad/Reflective,3:40,5,Like,4.0,41:49
user_4,Someone Like You,English,Sad/Reflective,4:45,7,Like,5.0,30:09
user_4,The Night We Met,English,Sad/Reflective,3:38,6,Like,5.0,7:01
user_4,Tum Se Hi,Hindi,Sad/Reflective,4:25,3,Like,5.0,12:25
user_4,Jeene Laga Hoon,Hindi,Sad/Reflective,4:10,4,Like,4.0,32:18
user_4,Dil Diyan Gallan,Hindi,Sad/Reflective,4:05,5,Like,5.0,25:50
user_4,Suno Na Sangemarmar,Hindi,Sad/Reflective,4:15,4,Like,5.0,7:10
user_4,Mere Rashke Qamar,Hindi,Sad/Reflective,4:16,5,Like,5.0,38:03
user_4,Scars to Your Beautiful,English,Sad/Reflective,3:31,4,Like,5.0,23:08
user_4,Back to December,English,Sad/Reflective,4:54,5,Like,5.0,5:44
user_4,Let It Go,English,Sad/Reflective,3:45,3,Like,5.0,39:15
user_4,The A Team,English,Sad/Reflective,4:20,6,Like,4.0,28:19
user_4,If I Ain't Got You,English,Sad/Reflective,3:50,7,Like,5.0,33:44
user_4,Numb,English,Angry/Intense,3:05,8,Like,5.0,8:53
user_4,Dhoom Again,Hindi,Angry/Intense,4:10,3,Dislike,3.0,44:50
user_4,Rakshasi Rakshasi,Tamil,Angry/Intense,3:30,5,Like,4.0,32:47
user_4,Kannada Gothilla,Malayalam,Angry/Intense,3:00,2,Like,3.0,11:38
user_4,Faint,English,Angry/Intense,2:55,7,Like,5.0,32:34
user_4,Bring Me to Life,English,Angry/Intense,3:45,8,Like,5.0,49:25
user_4,Battle Cry,English,Angry/Intense,4:00,4,Like,5.0,8:35
user_4,Stronger,English,Angry/Intense,3:11,6,Like,5.0,47:01
user_4,Bebasi, Hindi,Angry/Intense,4:22,2,Like,4.0,31:06
user_4,Bad Blood,English,Angry/Intense,3:38,5,Like,4.0,41:28
user_4,Duniya, Hindi,Angry/Intense,3:20,5,Dislike,2.0,46:16
user_4,Adiyae Azhaghu, Tamil,Angry/Intense,4:15,3,Like,4.0,14:41
user_4,Immortal,English,Angry/Intense,3:45,6,Like,5.0,42:34
user_4,Chakna, Hindi,Angry/Intense,2:55,5,Like,4.0,42:29
user_4,Can't Hold Us,English,Angry/Intense,4:18,7,Like,5.0,26:17
user_4,Dil Se Re, Hindi,Angry/Intense,4:10,6,Like,4.0,33:31
user_4,King Kunta,English,Angry/Intense,3:53,4,Like,5.0,20:39
user_4,Thaniye Thananthani, Tamil,Angry/Intense,3:50,5,Like,4.0,45:13
user_4,Goli, Hindi,Angry/Intense,3:30,5,Like,5.0,9:55
user_4,Rage, English,Angry/Intense,3:40,8,Like,5.0,25:03
user_5,Phir Le Aya Dil,Hindi,Calm/Relaxed,4:50,2,Like,5.0,38:08
user_5,Oru Deivam Thantha Poove,Tamil,Calm/Relaxed,5:15,1,Like,4.0,14:36
user_5,Manikya Malaraya Poovi,Malayalam,Calm/Relaxed,4:05,3,Like,5.0,20:42
user_5,Yellow,English,Calm/Relaxed,4:32,4,Like,5.0,33:18
user_5,The Night We Met,English,Calm/Relaxed,3:28,5,Like,5.0,48:53
user_5,Weightless,English,Calm/Relaxed,8:00,3,Like,5.0,44:01
user_5,Anbe Aaruyire,Tamil,Calm/Relaxed,4:25,2,Like,5.0,45:49
user_5,Let Her Go,English,Calm/Relaxed,4:12,4,Like,5.0,8:24
user_5,Aap Ki Nazron Ne Samjha,Hindi,Calm/Relaxed,4:15,5,Like,4.0,12:46
user_5,Aasaiya Kaathula, Tamil,Calm/Relaxed,4:00,1,Like,5.0,44:01
user_5,Perfect,English,Calm/Relaxed,4:23,6,Like,5.0,35:53
user_5,Raavanan,Malayalam,Calm/Relaxed,3:58,3,Like,5.0,13:13
user_5,Here Comes the Sun,English,Calm/Relaxed,3:06,7,Like,5.0,18:29
user_5,Kannukkul Poozhingu, Tamil,Calm/Relaxed,4:35,2,Like,4.0,45:48
user_5,Hallelujah,English,Calm/Relaxed,4:36,5,Like,5.0,43:35
user_5,Ennavale Adi Ennavale,Tamil,Calm/Relaxed,4:07,3,Like,4.0,27:28
user_5,Main Tera, Hindi,Calm/Relaxed,4:02,6,Like,5.0,21:28
user_5,Someday, English,Calm/Relaxed,4:50,4,Like,5.0,18:18
user_5,Suttrum Vizhi, Tamil,Calm/Relaxed,3:50,2,Like,5.0,39:55
user_5,All of Me,English,Calm/Relaxed,4:22,5,Like,5.0,38:22
user_5,Badtameez Dil,Hindi,Happy/Energetic,3:50,6,Like,5.0,32:49
user_5,Jigarthanda,Tamil,Happy/Energetic,3:35,7,Like,5.0,14:35
user_5,Jimmikki Kammal,Malayalam,Happy/Energetic,3:45,4,Like,4.0,25:38
user_5,Uptown Funk,English,Happy/Energetic,4:05,8,Like,5.0,11:15
user_5,Naatu Naatu,Tamil,Happy/Energetic,3:30,5,Like,5.0,42:06
user_5,Can't Stop the Feeling!,English,Happy/Energetic,3:56,7,Like,5.0,34:53
user_5,Genda Phool,Hindi,Happy/Energetic,2:55,6,Like,5.0,19:04
user_5,Dilli Waali Girlfriend,Hindi,Happy/Energetic,3:20,5,Like,4.0,40:55
user_5,Saudagar Sauda Kar,Hindi,Happy/Energetic,4:15,3,Like,5.0,28:42
user_5,Chennai Express,Tamil,Happy/Energetic,3:25,4,Like,5.0,9:13
user_5,Shape of You,English,Happy/Energetic,3:53,6,Like,5.0,13:33
user_5,Malhari,Hindi,Happy/Energetic,3:50,8,Like,5.0,43:20
user_5,Boom Boom,Malayalam,Happy/Energetic,3:15,5,Like,4.0,9:26
user_5,Happy,English,Happy/Energetic,4:05,9,Like,5.0,39:19
user_5,Aathichudi,Tamil,Happy/Energetic,3:45,3,Like,4.0,25:12
user_5,Laung Gawacha, Punjabi,Happy/Energetic,3:32,6,Like,5.0,15:47
user_5,Kabira,Hindi,Happy/Energetic,4:20,5,Like,4.0,21:27
user_5,Walking on Sunshine,English,Happy/Energetic,3:45,7,Like,5.0,40:37
user_5,Aaja Mexico Challiye, Hindi,Happy/Energetic,3:55,4,Like,5.0,29:17
user_5,Saki Saki, Hindi,Happy/Energetic,4:02,3,Like,4.0,19:50
user_5,Tum Tum, Tamil,Happy/Energetic,3:38,5,Like,5.0,32:51
user_5,Safar,Hindi,Sad/Reflective,4:10,3,Like,4.0,21:16
user_5,Oru Paadhi Kadhavu,Tamil,Sad/Reflective,4:50,1,Like,3.0,17:29
user_5,Sign of the Times,English,Sad/Reflective,4:45,5,Like,5.0,23:07
user_5,Vaathilil Aa Vathilil,Malayalam,Sad/Reflective,4:00,2,Like,4.0,29:25
user_5,Too Late To Apologize,English,Sad/Reflective,3:40,6,Like,5.0,38:04
user_5,Someone Like You,English,Sad/Reflective,4:45,4,Like,5.0,37:11
user_5,Channa Mereya,Hindi,Sad/Reflective,5:15,2,Like,5.0,49:45
user_5,Thaarame Thaarame,Tamil,Sad/Reflective,4:25,3,Like,4.0,13:24
user_5,The Night We Met,English,Sad/Reflective,3:28,5,Like,4.0,32:29
user_5,Anbe Anbe,Tamil,Sad/Reflective,4:10,1,Like,4.0,14:53
user_5,All I Want,English,Sad/Reflective,3:30,6,Like,5.0,42:38
user_5,Kahaan Ho Tum,Hindi,Sad/Reflective,4:15,5,Like,4.0,31:23
user_5,Pyaar Ka Punchnama,Hindi,Sad/Reflective,3:50,2,Like,5.0,49:27
user_5,Nostalgia,Hindi,Sad/Reflective,3:55,3,Like,5.0,21:42
user_5,Mere Rashke Qamar,Hindi,Sad/Reflective,4:20,4,Like,5.0,48:04
user_5,Fix You,English,Sad/Reflective,4:54,3,Like,5.0,17:53
user_5,Jeene Laga Hoon,Hindi,Sad/Reflective,4:30,2,Like,4.0,37:45
user_5,Agar Tum Saath Ho,Hindi,Sad/Reflective,4:07,6,Like,5.0,46:31
user_5,Believer,English,Sad/Reflective,3:24,8,Like,5.0,29:25
user_5,Stay,English,Sad/Reflective,4:00,5,Like,5.0,14:29
user_5,Safar,Hindi,Sad/Reflective,4:10,3,Like,4.0,6:19
user_5,Oru Paadhi Kadhavu,Tamil,Sad/Reflective,4:50,1,Like,3.0,29:25
user_5,Sign of the Times,English,Sad/Reflective,4:45,5,Like,5.0,5:31
user_5,Vaathilil Aa Vathilil,Malayalam,Sad/Reflective,4:00,2,Like,4.0,18:07
user_5,Too Late To Apologize,English,Sad/Reflective,3:40,6,Like,5.0,27:49
user_5,Someone Like You,English,Sad/Reflective,4:45,4,Like,5.0,16:23
user_5,Channa Mereya,Hindi,Sad/Reflective,5:15,2,Like,5.0,28:48
user_5,Thaarame Thaarame,Tamil,Sad/Reflective,4:25,3,Like,4.0,15:53
user_5,The Night We Met,English,Sad/Reflective,3:28,5,Like,4.0,39:55
user_5,Anbe Anbe,Tamil,Sad/Reflective,4:10,1,Like,4.0,17:10
user_5,All I Want,English,Sad/Reflective,3:30,6,Like,5.0,12:29
user_5,Kahaan Ho Tum,Hindi,Sad/Reflective,4:15,5,Like,4.0,34:37
user_5,Pyaar Ka Punchnama,Hindi,Sad/Reflective,3:50,2,Like,5.0,46:37
user_5,Nostalgia,Hindi,Sad/Reflective,3:55,3,Like,5.0,31:22
user_5,Mere Rashke Qamar,Hindi,Sad/Reflective,4:20,4,Like,5.0,36:24
user_5,Fix You,English,Sad/Reflective,4:54,3,Like,5.0,31:38
user_5,Jeene Laga Hoon,Hindi,Sad/Reflective,4:30,2,Like,4.0,11:46
user_5,Agar Tum Saath Ho,Hindi,Sad/Reflective,4:07,6,Like,5.0,47:39
user_5,Believer,English,Sad/Reflective,3:24,8,Like,5.0,42:29
user_5,Stay,English,Sad/Reflective,4:00,5,Like,5.0,29:54
user_5,In The End,English,Angry/Intense,3:36,7,Like,5.0,13:55
user_5,Zinda,Hindi,Angry/Intense,4:10,3,Like,4.0,26:19
user_5,Vikram Vedha,Tamil,Angry/Intense,3:45,5,Dislike,3.0,49:03
user_5,Lailakame,Malayalam,Angry/Intense,3:30,2,Like,3.0,48:51
user_5,Enter Sandman,English,Angry/Intense,5:15,6,Like,5.0,45:56
user_5,Believer,English,Angry/Intense,3:24,8,Like,5.0,19:29
user_5,Channa Mereya,Hindi,Angry/Intense,4:01,4,Like,4.0,15:06
user_5,Survivor,English,Angry/Intense,3:02,7,Like,5.0,6:54
user_5,Hall of Fame,English,Angry/Intense,3:23,5,Like,5.0,16:04
user_5,Tanha Dil,Hindi,Angry/Intense,4:25,3,Like,4.0,45:49
user_5,Saudagar Sauda Kar,Hindi,Angry/Intense,3:45,2,Dislike,3.0,44:27
user_5,High Hopes,English,Angry/Intense,3:12,6,Like,5.0,21:00
user_5,Slim Shady,English,Angry/Intense,4:20,3,Like,4.0,46:12
user_5,Dhoom Machale,Hindi,Angry/Intense,3:30,5,Like,4.0,29:38
user_5,Biscuits,Tamil,Angry/Intense,3:40,4,Like,4.0,13:48
user_5,Rakshasi Rakshasi,Tamil,Angry/Intense,3:50,5,Like,5.0,26:55
user_5,God's Plan,English,Angry/Intense,3:18,6,Like,5.0,37:30
user_5,Crazy In Love,English,Angry/Intense,3:30,5,Like,4.0,8:38
user_5,Durgesh,Malayalam,Angry/Intense,4:10,3,Dislike,3.0,45:17
user_5,Let Me Down Slowly,English,Angry/Intense,3:00,7,Like,4.0,14:43
user_5,Shut Up and Dance,English,Angry/Intense,3:14,4,Like,5.0,44:46
